id,nombre,apellido,correo,genero,telefono
1,Alex,Ishak,dishak0@alexa.com,Male,970-613-2617
2,Jolyn,Bragg,jbragg1@go.com,Genderqueer,614-319-7266
3,Sallie,Gaw,sgaw2@mit.edu,Female,997-395-9270
4,Belle,De Biasi,bdebiasi3@ucla.edu,Female,592-563-0424
5,Bing,Filov,bfilov4@engadget.com,Male,343-984-1150
6,West,Douberday,wdouberday5@mozilla.org,Male,615-444-4318
7,Marion,Northridge,mnorthridge6@newsvine.com,Female,149-504-2848
8,Hillary,Whittle,hwhittle7@free.fr,Non-binary,800-103-2454
9,Standford,Semour,ssemour8@live.com,Genderqueer,442-441-9317
10,Babs,Orridge,borridge9@exblog.jp,Female,654-596-4163
11,Arliene,Dunnett,adunnetta@microsoft.com,Female,799-950-8349
